SKU,COLOR,COST
D_5045,BLACK,8.3
D_5045,LATTE,8.3
D_5045,PINE,8.3
D_5045,RUST,8.3
D_5082,BLACK,15
D_5082,BRICK,15
D_5088,BLACK,10.5
D_5088,HUNTERGREEN,10.5
D_5088,VIOLET,10.5
D5004,BLACK,7.95
D5004,BLUEGREY,7.95
D5004,DENIMBLUE,7.95
D5004,FALLRUST,7.95
D5005,AUBURN,8.3
D5005,BLACK,8.3
D5005,BLUEGREY,8.3
D5005,DENIMBLUE,8.3
D5006,BLACK,7.2
D5006,DARKBURGUNDY,7.2
D5006,ESTATEBLUE,7.2
D5006,MIDGREY,7.2
D5006,MILITARY,7.2
D5007,BLACK,9.5
D5007,ESTATEBLUE,9.5
D5007,MID GREY,9.5
D5007,MIDGREY,9.5
D5007,MILITARY,9.5
D5007,WINE,9.5
D5011,BLACKIVORY,14.5
D5011,NAVYIVORY,14.5
D5012,BLACK,12.75
D5012,NAVY,12.75
D5012,TOMATORED,12.75
D5013,CORAL,16.5
D5013,NAVY,16.5
D5014,BLACK,8.5
D5014,HCHARCOAL,8.5
D5014,MAUVE,8.5
D5015,DCOCOA,8.25
D5015,HGREY,8.25
D5015,MAUVE,8.25
D5016,AUBURN,8.5
D5016,BLUEGREY,8.5
D5016,LATTE,8.5
D5024,BLACK,8.8
D5024,BURGUNDY,8.8
D5024,DARKOLIVE,8.8
D5028,BLACKOFFWHITE,9.5
D5028,HCHARCOFF,9.5
D5029,BLACKOFFWHITE,11.5
D5029,HCHARCOFF,11.5
D5032,BLACK,8.2
D5032,INDIGO,8.2
D5032,NEWOLIVE,8.2
D5032,ROSEDARK,8.2
D5033,BURGUNDY,8.95
D5033,PHANTOM,8.95
D5033,TEAL,8.95
D5034,BLACK,8.25
D5034,FALLRUBY,8.25
D5034,OLIVE,8.25
D5034,TAN,8.25
D5037,BLACK,9.1
D5037,LATTE,9.1
D5037,PINE,9.1
D5037,RUST,9.1
D5038,BLACK,9.4
D5038,LATTE,9.4
D5038,PINE,9.4
D5038,RUST,9.4
D5040,INDIGO,8.9
D5040,MIDGREY,8.9
D5040,NEWOLIVE,8.9
D5041,BLACK,10.1
D5041,BURGUNDY,10.1
D5041,MOCHA,10.1
D5048,OLIVE,9.5
D5048,RUST,9.5
D5050,MUSTARD,10.9
D5050,OLIVE,10.9
D5050,RUST,10.9
D5051,HEATHERGREYDARK,9.6
D5051,MUSHROOM,9.6
D5051,PURPLETAUPE,9.6
D5052,GREYFROST,9.8
D5052,NEWOLIVE,9.8
D5052,ROSEDARK,9.8
D5053,NEWOLIVE,9.9
D5053,ROSEDARK,9.9
D5053,TAUPE,9.9
D5058,BLACKGREY,12
D5058,BLACKTAUPE,12
D5061,BURGUNDY,10
D5061,CAMEL,10
D5061,OLIVE,10
D5061,WALNUT,10
D5065,BLACK,9.3
D5065,BLUE STEEL,9.3
D5065,PURPLE TAUPE,9.3
D5066,BERRY,16.5
D5066,DENIM,16.5
D5074,BLACK,7.2
D5074,BURGUNDY,7.2
D5074,DARKGREY,7.2
D5078,ANTHRA,8.3
D5078,BLACK,8.3
D5078,RANGERGREEN,8.3
D5079,FALLRUBY,9.3
D5079,GREY,9.3
D5079,OLIVE,9.3
D5081,BLACK,10.3
D5081,DARKWINE,10.3
D5081,HUNTERGREEN,10.3
D5090,BLACK,9
D5090,BURGUNDY,9
D5090,OLIVE,9
D5092,DARK WINE,12.75
D5092,GREY,12.75
D5093,BLACK,10.6
D5093,DARKWINE,10.6
D5093,GREY,10.6
D5107,IVORY,12
D5107,MAUVE,12
D5108,BLACK,15.6
D5108,BURGUNDY,15.6
D5185,ANTHRA,8.75
D5185,ASHMAUVE,8.75
D5185,BEIGE,8.75
D5185,BLACK,8.75
D5185,BRICK,8.75
D5185,BURGUNDY,8.75
D5185,CHARCOAL,8.75
D5185,DARKRED,8.75
D5185,DUSTYBLUE,8.75
D5185,HGREY,8.75
D5185,JADE,8.75
D5185,MAGENTA,8.75
D5185,MARSALA,8.75
D5185,MAUVE,8.75
D5185,MINT,8.75
D5185,MOCHA,8.75
D5185,MUSTARD,8.75
D5185,NAVY,8.75
D5185,OFFWHITE,8.75
D5185,OLIVE,8.75
D5185,PURPLISH,8.75
D5185,RED,8.75
D5185,ROYAL,8.75
D5185,TAUPEGREY,8.75
D5185X,ANTHRA,9.75
D5185X,ASHMAUVE,9.75
D5185X,BEIGE,9.75
D5185X,BLACK,9.75
D5185X,BRICK,9.75
D5185X,BURGUNDY,9.75
D5185X,CHARCOAL,9.75
D5185X,DARKRED,9.75
D5185X,DUSTYBLUE,9.75
D5185X,HGREY,9.75
D5185X,JADE,9.75
D5185X,MAGENTA,9.75
D5185X,MARSALA,9.75
D5185X,MAUVE,9.75
D5185X,MINT,9.75
D5185X,MOCHA,9.75
D5185X,MUSTARD,9.75
D5185X,NAVY,9.75
D5185X,OFFWHITE,9.75
D5185X,OLIVE,9.75
D5185X,PURPLISH,9.75
D5185X,RED,9.75
D5185X,ROYAL,9.75
D5185X,TAUPEGREY,9.75
D5187,BLACK,7.98
D5187,CHARCOAL,7.98
D5187,DUSTYBLUE,7.98
D5187,HEATHERGREY,7.98
D5187,MARSALA,7.98
D5187,MAUVE,7.98
D5187,MINT,7.98
D5187,OFFWHITE,7.98
D5187,ANTHRA,7.98
D5187,BEIGE,7.98
D5187,BRICK,7.98
D5187,DARKRED,7.98
D5187,JADE,7.98
D5187,MAGENTA,7.98
D5187,MOCHA,7.98
D5187,NAVY,7.98
D5187,OLIVE,7.98
D5187,ROYALBLUE,7.98
D5187,PURPLISH,7.98
D5187,TAUPEGREY,7.98
D5187R,BEIGE,7.98
D5187R,BLACK,7.98
D5187R,BRICK,7.98
D5187R,DARKRED,7.98
D5187R,JADE,7.98
D5187R,MAGENTA,7.98
D5187R,MINT,7.98
D5187R,MOCHA,7.98
D5187R,NAVY,7.98
D5187R,OLIVE,7.98
D5187R,ROYALBLUE,7.98
D5187R,PURPLISH,7.98
D5187R,ANTHRA,7.98
D5187RX,ANTHRA,8.7
D5187RX,BEIGE,8.7
D5187RX,BLACK,8.7
D5187RX,BRICK,8.7
D5187RX,CHARCOAL,8.7
D5187RX,JADE,8.7
D5187RX,MAGENTA,8.7
D5187RX,MINT,8.7
D5187RX,MOCHA,8.7
D5187RX,NAVY,8.7
D5187RX,OLIVE,8.7
D5187RX,PURPLISH,8.7
D5187RX,TAUPEGREY,8.7
D5187X,BLACK,8.7
D5187X,CHARCOAL,8.7
D5187X,DUSTYBLUE,8.7
D5187X,HEATHERGREY,8.7
D5187X,MARSALA,8.7
D5187X,MAUVE,8.7
D5187X,MINT,8.7
D5187X,OFFWHITE,8.7
D5187X,ROYALBLUE,8.7
D5187X,TAUPEGREY,8.7
D5209,BURGUNDY,12.5
D5209,TAUPE,12.5
D5210,ANTHRA,8.75
D5210,ASHMAUVE,8.75
D5210,BEIGE,8.75
D5210,BLACK,8.75
D5210,BRICK,8.75
D5210,BURGUNDY,8.75
D5210,DARKRED,8.75
D5210,DENIM,8.75
D5210,GINGER,8.75
D5210,HGREY,8.75
D5210,HUNTERGREEN,8.75
D5210,JAVA,8.75
D5210,LIGHTOLIVE,8.75
D5210,MAGENTA,8.75
D5210,MGREY,8.75
D5210,MOCHA,8.75
D5210,MUSTARD,8.75
D5210,NAVY,8.75
D5210,PURPLISH,8.75
D5210,ROYAL,8.75
D5210,SLATE,8.75
D5210,TAUPEGREY,8.75
D5210X,ANTHRA,9.75
D5210X,ASHMAUVE,9.75
D5210X,BEIGE,9.75
D5210X,BLACK,9.75
D5210X,BRICK,9.75
D5210X,BURGUNDY,9.75
D5210X,DARKRED,9.75
D5210X,DENIM,9.75
D5210X,GINGER,9.75
D5210X,HGREY,9.75
D5210X,HUNTERGREEN,9.75
D5210X,JAVA,9.75
D5210X,LIGHTOLIVE,9.75
D5210X,MAGENTA,9.75
D5210X,MGREY,9.75
D5210X,MOCHA,9.75
D5210X,MUSTARD,9.75
D5210X,NAVY,9.75
D5210X,PURPLISH,9.75
D5210X,ROYAL,9.75
D5210X,SLATE,9.75
D5210X,TAUPEGREY,9.75
D5211,ANTHRA,6.25
D5211,ASHMAUVE,6.25
D5211,BEIGE,6.25
D5211,BLACK,6.25
D5211,BRICK,6.25
D5211,BURGUNDY,6.25
D5211,DRED,6.25
D5211,HGREY,6.25
D5211,HUNTERGREEN,6.25
D5211,JAVA,6.25
D5211,LIGHTOLIVE,6.25
D5211,MGREY,6.25
D5211,MOCHA,6.25
D5211,MUSTARD,6.25
D5211,NAVY,6.25
D5211,PURPLISH,6.25
D5211,ROYAL,6.25
D5211,SLATE,6.25
D5211,TAUPEGREY,6.25
D5211X,ANTHRA,7.25
D5211X,ASHMAUVE,7.25
D5211X,BEIGE,7.25
D5211X,BLACK,7.25
D5211X,BRICK,7.25
D5211X,BURGUNDY,7.25
D5211X,DRED,7.25
D5211X,HGREY,7.25
D5211X,HUNTERGREEN,7.25
D5211X,JAVA,7.25
D5211X,LIGHTOLIVE,7.25
D5211X,MGREY,7.25
D5211X,MOCHA,7.25
D5211X,MUSTARD,7.25
D5211X,NAVY,7.25
D5211X,PURPLISH,7.25
D5211X,ROYAL,7.25
D5211X,SLATE,7.25
D5211X,TAUPEGREY,7.25
D5212,ANTHRA,8.25
D5212,ASHMAUVE,8.25
D5212,BEIGE,8.25
D5212,BLACK,8.25
D5212,BRICK,8.25
D5212,BURGUNDY,8.25
D5212,DRED,8.25
D5212,HGREY,8.25
D5212,HUNTERGREEN,8.25
D5212,JAVA,8.25
D5212,LIGHTOLIVE,8.25
D5212,MAGENTA,8.25
D5212,MGREY,8.25
D5212,MOCHA,8.25
D5212,MUSTARD,8.25
D5212,NAVY,8.25
D5212,PURPLISH,8.25
D5212,ROYAL,8.25
D5212,SLATE,8.25
D5212,TAUPEGREY,8.25
D5212X,ASHMAUVE,9.25
D5212X,BEIGE,9.25
D5212X,BLACK,9.25
D5212X,BRICK,9.25
D5212X,BURGUNDY,9.25
D5212X,DRED,9.25
D5212X,HGREY,9.25
D5212X,HUNTERGREEN,9.25
D5212X,JAVA,9.25
D5212X,LIGHTOLIVE,9.25
D5212X,MAGENTA,9.25
D5212X,MGREY,9.25
D5212X,MOCHA,9.25
D5212X,MUSTARD,9.25
D5212X,NAVY,9.25
D5212X,PURPLISH,9.25
D5212X,ROYAL,9.25
D5212X,SLATE,9.25
D5212X,TAUPEGREY,9.25
D5213,ANTHRA,6.75
D5213,ASHMAUVE,6.75
D5213,BEIGE,6.75
D5213,BLACK,6.75
D5213,BRICK,6.75
D5213,BURGUNDY,6.75
D5213,DARKRED,6.75
D5213,DENIM,6.75
D5213,GINGER,6.75
D5213,HGREY,6.75
D5213,HUNTERGREEN,6.75
D5213,JAVA,6.75
D5213,LIGHTOLIVE,6.75
D5213,MAGENTA,6.75
D5213,MGREY,6.75
D5213,MOCHA,6.75
D5213,MUSTARD,6.75
D5213,NAVY,6.75
D5213,PURPLISH,6.75
D5213,ROYAL,6.75
D5213,SLATE,6.75
D5213,TAUPEGREY,6.75
D5213X,ANTHRA,7.75
D5213X,ASHMAUVE,7.75
D5213X,BEIGE,7.75
D5213X,BLACK,7.75
D5213X,BRICK,7.75
D5213X,BURGUNDY,7.75
D5213X,DARKRED,7.75
D5213X,DENIM,7.75
D5213X,GINGER,7.75
D5213X,HGREY,7.75
D5213X,HUNTERGREEN,7.75
D5213X,JAVA,7.75
D5213X,LIGHTOLIVE,7.75
D5213X,MAGENTA,7.75
D5213X,MGREY,7.75
D5213X,MOCHA,7.75
D5213X,MUSTARD,7.75
D5213X,NAVY,7.75
D5213X,PURPLISH,7.75
D5213X,ROYAL,7.75
D5213X,SLATE,7.75
D5213X,TAUPEGREY,7.75
D5224B,BLACKTAUPE,10.08
D5224B,NAVYTAUPE,10.08
D5225B,BLACKJADE,9.2
D5226B,BLACK,9.2
D5226B,NAVY,9.2
D5227,ASHMAUVE,7.87
D5227,BLACK,7.87
D5227,BRICK,7.87
D5227,EGGPLANT,7.87
D5227,HUNTERGREEN,7.87
D5227,MAGENTA,7.87
D5227,MIDGREY,7.87
D5227,MOCHA,7.87
D5227,NAVY,7.87
D5227,OLIVE,7.87
D5227,SLATE,7.87
D5227X,ASHMAUVE,8.86
D5227X,BLACK,8.86
D5227X,BRICK,8.86
D5227X,EGGPLANT,8.86
D5227X,HUNTERGREEN,8.86
D5227X,MAGENTA,8.86
D5227X,MIDGREY,8.86
D5227X,MOCHA,8.86
D5227X,NAVY,8.86
D5227X,OLIVE,8.86
D5227X,SLATE,8.86
D5228,ASHMAUVE,7.25
D5228,BLACK,7.25
D5228,BRICK,7.25
D5228,EGGPLANT,7.25
D5228,HUNTERGREEN,7.25
D5228,MAGENTA,7.25
D5228,MIDGREY,7.25
D5228,MOCHA,7.25
D5228,NAVY,7.25
D5228,OLIVE,7.25
D5228,SLATE,7.25
D5228X,ASHMAUVE,8.25
D5228X,BLACK,8.25
D5228X,BRICK,8.25
D5228X,EGGPLANT,8.25
D5228X,HUNTERGREEN,8.25
D5228X,MAGENTA,8.25
D5228X,MIDGREY,8.25
D5228X,MOCHA,8.25
D5228X,NAVY,8.25
D5228X,OLIVE,8.25
D5228X,SLATE,8.25
D5229B,NAVY,9.5
D5229B,TAUPE,9.5
D5230B,BLACK,6.87
D5230B,NAVY,6.87
D5231B,BLACKMAUVE,9.31
D5232B,BLACK,6.87
D5232B,TEAL,6.87
D5233B,BURGUNDY,7.39
D5233B,NAVY,7.39
D5234B,BLACK,9.5
D5236B,BLACK,9.6
D5236B,NAVY,9.6
D5237B,BLACK,7.42
D5237B,OLIVE,7.42
D5239,ASHMAUVE,7
D5239,BLACK,7
D5239,BRICK,7
D5239,DARKRED,7
D5239,DENIM,7
D5239,GINGER,7
D5239,LIGHTOLIVE,7
D5239,MIDGREY,7
D5239,MOCHA,7
D5239,NAVY,7
D5239,PURPLISH,7
D5239,TEAL,7
D5239X,ASHMAUVE,7.75
D5239X,BLACK,7.75
D5239X,BRICK,7.75
D5239X,DARKRED,7.75
D5239X,DENIM,7.75
D5239X,GINGER,7.75
D5239X,LIGHTOLIVE,7.75
D5239X,MIDGREY,7.75
D5239X,MOCHA,7.75
D5239X,NAVY,7.75
D5239X,PURPLISH,7.75
D5239X,TEAL,7.75
D5249B,BURGUNDY,9.25
D5249B,NAVY,9.25
D5250B,BLACK,7.77
D5250B,CORAL,7.77
D5262B,NAVY,8.25
D5262B,TEAL,8.25
D5263B,BLACK,10.75
D5263B,IVORY,10.75
D5263B,MAUVE,10.75
D5264B,BLACK,10.5
D5264B,NAVY,10.5
D5264B,OLIVE,10.5
D5265,ASHMAUVE,8.75
D5265,BLACK,8.75
D5265,BRICK,8.75
D5265,DARKRED,8.75
D5265,DENIM,8.75
D5265,GINGER,8.75
D5265,LIGHTOLIVE,8.75
D5265,MIDGREY,8.75
D5265,MOCHA,8.75
D5265,NAVY,8.75
D5265,PURPLISH,8.75
D5265,TEAL,8.75
D5266B,BLACK,10.5
D5266B,HUNTER,10.5
D5266B,MAUVE,10.5
D5266B,NAVY,10.5
D5269B,BLACK,10.75
D5269B,NAVY,10.75
D5269B,OLIVE,10.75
J8000,PURPLETAUPE,8.8
J8000,ARMY,10.25
J8000,BLACK,10.25
J8000,REDBROWN,10.25
J8000,CHARCOAL,8.8
J8000,WINE,8.8
J80001,BLACK,8.8
J80001,ARMY,8.8
J80001,REDBROWN,8.8
J80001,CHARCOAL,8.8
J80001,PURPLETAUPE,8.8
J80001,WINE,8.8
J8002,ANTHRA,9.08
J8002,ASHMAUVE,9.08
J8002,BLACK,9.08
J8002,BRICK,9.08
J8002,BURGUNDY,9.08
J8002,CHARCOAL,9.08
J8002,CORALBLUE,9.08
J8002,DUSTYBLUE,9.08
J8002,HCHARCOAL,9.08
J8002,HGREY,9.08
J8002,HUNTERGREEN,9.08
J8002,JADE,9.08
J8002,JAVA,9.08
J8002,LIGHTOLIVE,9.08
J8002,MAGENTA,9.08
J8002,MARSALA,9.08
J8002,MAUVE,9.08
J8002,MUSTARD,9.08
J8002,NAVY,9.08
J8002,OFFWHITE,9.08
J8002,OLIVE,9.08
J8002,RED,9.08
J8002,ROYAL,9.08
J8002,SLATE,9.08
J8002,TAUPEGREY,9.08
J8002X,ANTHRA,9.91
J8002X,ASHMAUVE,9.91
J8002X,BLACK,9.91
J8002X,BRICK,9.91
J8002X,BURGUNDY,9.91
J8002X,CHARCOAL,9.91
J8002X,CORALBLUE,9.91
J8002X,DUSTYBLUE,9.91
J8002X,HCHARCOAL,9.91
J8002X,HUNTERGREEN,9.91
J8002X,JADE,9.91
J8002X,JAVA,9.91
J8002X,LIGHTOLIVE,9.91
J8002X,MAGENTA,9.91
J8002X,MARSALA,9.91
J8002X,MAUVE,9.91
J8002X,MUSTARD,9.91
J8002X,NAVY,9.91
J8002X,OFFWHITE,9.91
J8002X,OLIVE,9.91
J8002X,RED,9.91
J8002X,ROYAL,9.91
J8002X,SLATE,9.91
J8002X,TAUPEGREY,9.91
J8003,AMBER,9.1
J8003,CORAL BLUE,9.1
J8003,TOMATO RED,9.1
J8004,MGREY,7.72
J8004,OLIVE,7.72
J8004,MARSALA,7.72
J8004,ANTHRA,7.72
J8004,CORALBLUE,7.72
J8004,DUSTYBLUE,7.72
J8004,LIGHTOLIVE,7.72
J8004,MAUVE,7.72
J8004,OFFWHITE,7.72
J8004,RED,7.72
J8004,ASHMAUVE,7.72
J8004,TAUPEGREY,7.72
J8004,BLACK,7.72
J8004,BRICK,7.72
J8004,BURGUNDY,7.72
J8004,CHARCOAL,7.72
J8004,HGREY,7.72
J8004,HUNTERGEEN,7.72
J8004,JADE,7.72
J8004,JAVA,7.72
J8004,MUSTARD,7.72
J8004,NAVY,7.72
J8004,MAGENTA,8.55
J8004,MARSALA,8.55
J8004,MGREY,8.55
J8004,MUSTARD,8.55
J8004,NAVY,8.55
J8004,OLIVE,8.55
J8004,ROYAL,8.55
J8004,SLATE,8.55
J8004A,RED,8.55
J8004A,ANTHRA,8.55
J8004A,DUSTYBLUE,8.55
J8004A,MAGENTA,8.55
J8004A,MARSALA,8.55
J8004A,MGREY,8.55
J8004A,MAUVE,8.55
J8004A,MUSTARD,8.55
J8004A,NAVY,8.55
J8004A,OLIVE,8.55
J8004A,ROYAL,8.55
J8004A,SLATE,8.55
J8004A,CORALBLUE,8.55
J8004A,TAUPEGREY,8.55
J8004A,OFFWHITE,8.55
J8004X,ANTHRA,8.65
J8004X,ASHMAUVE,8.65
J8004X,BLACK,8.65
J8004X,BRICK,8.65
J8004X,BURGUNDY,8.65
J8004X,CHARCOAL,8.65
J8004X,CORALBLUE,8.65
J8004X,DUSTYBLUE,8.65
J8004X,HGREY,8.65
J8004X,HUNTERGEEN,8.65
J8004X,JADE,8.65
J8004X,JAVA,8.65
J8004X,LIGHTOLIVE,8.65
J8004X,MAGENTA,8.65
J8004X,MARSALA,8.65
J8004X,MAUVE,8.65
J8004X,MGREY,8.65
J8004X,MUSTARD,8.65
J8004X,NAVY,8.65
J8004X,OLIVE,8.65
J8004X,RED,8.65
J8004X,ROYAL,8.65
J8004X,SLATE,8.65
J8004X,TAUPEGREY,8.65
J8004X,WHITE,8.65
J8005,BROWN,13.5
J8005,TEAL,13.5
J8006,BLACK,13.5
J8006,BROWN,13.5
J8011,BLACK,9.5
J8018,DENIM,12.5
J8018,TAUPE,12.5
J8023,IVORY,10.9
J8024,BLACK,11.9
J8024,IVORY,11.9
J8030,LIGHTCORAL,10.5
J8030,OFFWHITE,10.5
J8030,ROYAL,10.5
J8030,SEAFOAM,10.5
J8038,NAVYMAUVE,10.08
J8039,BLACKBROWN,10.63
J8040,NAVY,10.63
J8041,BLACKMAUVE,8.81
J8041,IVORYMAUVE,8.81
J8043B,NAVY,10.08
J8043B,OLIVE,10.08
J8044B,BLACK,8.81
J8044B,NAVY,8.81
J8045B,BLACKTAUPE,8.81
J8045B,IVORYTAUPE,8.81
J8046B,BLACKMAUVE,10.63
J8047B,BURGUNDY,10.63
J8047B,ROSE,10.63
J8047B,TEAL,10.63
J8055B,BLACK,11.28
J8055B,HUNTER,11.28
J8055B,MAUVE,11.28
J8055B,NAVY,11.28
JC6005,BLACK,8.9
JC6005,MAUVE,8.9
JC6005,MGREY,8.9
JC6005,NAVY,8.9
JC6008A,BLACK,7.45
JC6008A,HGREY,7.45
JC6008A,MAUVE,7.45
JC6008A,NAVY,7.45
JC6008A,OFFWHITE,7.45
JC6008A,SAGE,7.45
JC6009A,SAGE,7
P9000,LIGHTOLIVE,7.07
P9000,MAUVE,7.07
P9000,ANTHRA,7.07
P9000,OFFWHITE,7.07
P9000,ASHMAUVE,7.07
P9000,ASHMOCHA,7.07
P9000,BEIGE,7.07
P9000,BLACK,7.07
P9000,BRICK,7.07
P9000,BURGUNDY,7.07
P9000,CHARCOAL,7.07
P9000,DARKTEAL,7.07
P9000,HGREY,7.07
P9000,HUNTERGREEN,7.07
P9000,MUSTARD,7.07
P9000,NAVY,7.07
P9000,OLIVE,7.07
P9000,SLATE,7.07
P9000,ROYAL,7.07
P9000,TAUPEGREY,7.07
P9000A,OFFWHITE,7.5
P9000A,LIGHTOLIVE,7.5
P9000A,MAUVE,7.5
P9000A,ROYAL,7.5
P9000A,SLATE,7.5
P9000A,TAUPEGREY,7.5
P9000X,ANTHRA,7.74
P9000X,ASHMAUVE,7.74
P9000X,ASHMOCHA,7.74
P9000X,BEIGE,7.74
P9000X,BLACK,7.74
P9000X,BRICK,7.74
P9000X,BURGUNDY,7.74
P9000X,CHARCOAL,7.74
P9000X,HGREY,7.74
P9000X,HUNTERGREEN,7.74
P9000X,LIGHTOLIVE,7.74
P9000X,MUSTARD,7.74
P9000X,NAVY,7.74
P9000X,OFFWHITE,7.74
P9000X,OLIVE,7.74
P9000X,ROYAL,7.74
P9000X,SLATE,7.74
P9000X,TAUPEGREY,7.74
P9010,ANTHRA,7.7
P9010,ASHMAUVE,7.7
P9010,ASHMOCHA,7.7
P9010,BLACK,7.7
P9010,BEIGE,7.7
P9010,BRICK,7.7
P9010,BURGUNDY,7.7
P9010,CHARCOAL,7.7
P9010,HGREY,7.7
P9010,JADE,7.7
P9010,HUNTERGREEN,7.7
P9010,LIGHTOLIVE,7.7
P9010,MAUVE,7.7
P9010,MUSTARD,7.7
P9010,NAVY,7.7
P9010,OFFWHITE,7.7
P9010,OLIVE,7.7
P9010,RED,7.7
P9010,ROYAL,7.7
P9010,SLATE,7.7
P9010,TAUPEGREY,7.7
P9010X,ANTHRA,9.04
P9010X,ASHMAUVE,9.04
P9010X,ASHMOCHA,9.04
P9010X,BLACK,9.04
P9010X,BRICK,9.04
P9010X,BEIGE,9.04
P9010X,BURGUNDY,9.04
P9010X,CHARCOAL,9.04
P9010X,HGREY,9.04
P9010X,JADE,9.04
P9010X,LIGHTOLIVE,9.04
P9010X,MAUVE,9.04
P9010X,MUSTARD,9.04
P9010X,NAVY,9.04
P9010X,OFFWHITE,9.04
P9010X,OLIVE,9.04
P9010X,RED,9.04
P9010X,ROYAL,9.04
P9010X,SLATE,9.04
P9010X,TAUPEGREY,9.04
P9013,BLACK,8.75
P9014,BLACK,8.75
P9015,BLACK,8.75
P9017,BLACK,8
P9018,BLACKMAUVE,8
P9018,IVORYMAUVE,8
P9019,BLACK,9.31
P9020,BLACKMAUVE,9.31
P9021,BLACKBROWN,9.31
P9023,ANTHRA,7
P9023,ASHMAUVE,7
P9023,ASHMOCHA,7
P9023,BLACK,7
P9023,BRICK,7
P9023,BURGUNDY,7
P9023,JADE,7
P9023,MIDGREY,7
P9023,MUSTARD,7
P9023,NAVY,7
P9023,OLIVE,7
P9023,RED,7
P9023,ROYAL,7
P9027B,BLACKTAUPE,8.16
P9027B,IVORYTAUPE,8.16
P9028B,BLACKTAUPE,8.92
P9028B,NAVYTAUPE,8.92
P9029B,IVORY,7.56
P9029B,NAVY,7.56
P9030B,BLACK,8.48
P9030B,NAVY,8.48
P9030B,SAND,8.48
P9031B,BLACK,8.92
P9031B,NAVY,8.92
P9032B,BLUE,8.92
P9032B,CORAL,8.92
P9032B,NAVY,8.92
P9033B,BLACK,8.16
P9034B,BLACK,8.16
P9035B,BURGUNDY,8.16
P9036B,TEAL,8.16
S9000,BLACK,7.6
S9000,BURGUNDY,7.6
S9001,BLACK,6.6
S9001,BURGUNDY,6.6
S9005,ANTHRA,7.42
S9005,BLACK,7.42
S9005,CHARCOAL,7.42
S9005,HGREY,7.42
S9005,LIGHTOLIVE,7.42
S9005,MAUVE,7.42
S9005,NAVY,7.42
S9005,RED,7.42
S9005X,ANTHRA,8.41
S9005X,BLACK,8.41
S9005X,CHARCOAL,8.41
S9005X,LIGHTOLIVE,8.41
S9005X,MAUVE,8.41
S9005X,NAVY,8.41
S9005X,RED,8.41
S9007,BLACK,8.8
S9008,NAVYMAUVE,8.34
S9009,NAVY,8.8
S9010,ANTHRA,7.52
S9010,ASHMOCHA,7.52
S9010,BLACK,7.52
S9010,BRICK,7.52
S9010,BURGUNDY,7.52
S9010,HGREY,7.52
S9010,JADE,7.52
S9010,MAUVE,7.52
S9010,MIDGREY,7.52
S9010,MUSTARD,7.52
S9010,OFFWHITE,7.52
S9010,NAVY,7.52
S9010,OLIVE,7.52
S9010,RED,7.52
S9010,ROYALBLUE,7.52
S9010,SLATE,7.52
S9010,TAUPEGREY,7.52
S9010X,ANTHRA,8.51
S9010X,ASHMOCHA,8.51
S9010X,BLACK,8.51
S9010X,BRICK,8.51
S9010X,BURGUNDY,8.51
S9010X,HGREY,8.51
S9010X,JADE,8.51
S9010X,MAUVE,8.51
S9010X,MIDGREY,8.51
S9010X,MUSTARD,8.51
S9010X,OFFWHITE,8.51
S9010X,OLIVE,8.51
S9010X,RED,8.51
S9010X,ROYALBLUE,8.51
S9010X,SLATE,8.51
S9010X,TAUPEGREY,8.51
S9011B,NAVY,8.34
S9011B,OLIVE,8.34
T1003,AUBURN,8.25
T1003,BLACK,8.25
T1003,LATTE,8.25
T1003,PINE,8.25
T1003,RUST,8.25
T1004,BLACK,8.5
T1004,LATTE,8.5
T1004,MIDGREY,8.5
T1004,PINE,8.5
T1004,RUST,8.5
T1009,BLACK,7
T1009,PALEINDIGO,7
T1010,GOLDENMOCHA,8.3
T1010,IRISBLUE,8.3
T1010,MERLOT,8.3
T1013,BLACK,7.3
T1013,LATTE,7.3
T1013,PINE,7.3
T1013,RUST,7.3
T1015,BLACK,8.2
T1015,BLUE,8.2
T1015,OLIVE,8.2
T1015,PINK,8.2
T1019,BLACK,8.5
T1019,DARKGREY,8.5
T1019,FALLRUST,8.5
T1019,LIGHTTEAL,8.5
T1020,BLACK,7.75
T1020,DARK GREY,7.75
T1020,FALL RUST,7.75
T1020,LIGHT TEAL,7.75
T1021,FADEDDENIM,8
T1021,MIDGREY,8
T1021,TAUPEGREY,8
T1022C,BLACK,8.07
T1022C,BURGUNDY,8.07
T1022C,DENIMBLUE,8.07
T1022C,HUNTERGREEN,8.07
T1022C,MGREY,8.07
T1022C,NAVY,8.07
T1022C,OFFWHITE,8.07
T1022C,OLIVE,8.07
T1022C,PURPLISH,8.07
T1023,BLACK,8.8
T1023,BLUEDUTCH,8.8
T1023,BURGUNDY,8.8
T1023,MAUVESHADOW,8.8
T1025,BLUEDUTCH,8
T1025,MAUVESHADOW,8
T1027,BLACK_OFFWHITE,8.25
T1027,H.CHAR_BLACK,8.25
T1031,AZUKI,8.3
T1031,BLACK,8.3
T1031,TEAL DARK,8.3
T1034,DOESKIN,8.15
T1034,FADEDDENIM,8.15
T1034,MIDGREY,8.15
T1038,CHARCOAL,10.6
T1038,BLUSH,10.6
T1038A,BLUSH,10.6
T1038,NAVY,10.6
T1038AA,NAVY,10.6
T1038AA,CHARCOAL,10.6
T1039,BLUSH,11.8
T1039,NAVY,11.8
T1041,BLACK,12.1
T1041,OLIVE,12.1
T1044,BLACK,10
T1044,CAMEL,10
T1044,GREEN,10
T1045,BLACK,11
T1045,GREEN,11
T1045,WALNUT,11
T1050,BLACK,10.25
T1050,BLUE,10.25
T1050,PINK,10.25
T1052,BLACK,8.75
T1052,BLUE,8.75
T1052,PINK,8.75
T1055,BLACK,9.5
T1055,BURGUNDY,9.5
T1056,HEATHER GREY,7.7
T1056,NAVY,7.7
T1056,OLIVE,7.7
T1058,BLACK,12.75
T1058,RED,12.75
T1060,BLACK,8.5
T1060,PLUM,8.5
T1067,BLACK,9.8
T1067,HGREEN,9.8
T1067,SMKYBROWN,9.8
T1070,NAVY,10.5
T1070,OLIVE,10.5
T1072,BLACK,9
T1072,BURGUNDY,9
T1072,FALLRUST,9
T1072,PINE,9
T1093,ASHMOCHA,7.07
T1093,BLACK,7.07
T1093,BRICK,7.07
T1093,CHARCOAL,7.07
T1093,DARKROSE,7.07
T1093,MOCHA,7.07
T1093,NAVY,7.07
T1093,OLIVE,7.07
T1093,RED,7.07
T1093,ROYAL,7.07
T1093,SLATE,7.07
T1093X,BLACK,7.75
T1093X,BRICK,7.75
T1093X,DARKROSE,7.75
T1093X,MOCHA,7.75
T1093X,NAVY,7.75
T1093X,OLIVE,7.75
T1093X,RED,7.75
T1093X,ROYAL,7.75
T1093X,SLATE,7.75
T1165B,BLACKJADE,9.16
T1166B,BLACK,9.16
T1167B,NAVYTAUPE,9.16
TA20000,BLACK,3.2
TA20000,BURGUNDY,3.2
TA20000,CEMENT,3.2
TA20000,EGGPLANT,3.2
TA20000,IVORY,3.2
TA20000,MOCHA,3.2
TC2015,DUSTYBLUE,10.2
TC2015,DUSTYGREY,10.2
TC2015,DUSTYOLIVE,10.2
D5256,BLACK,8
D5256X,HUNTERGREEN,8.75
D5256,BERRY,8
D5256,DARKRED,8
D5256,DENIM,8
D5256,GREY,8
D5256,HUNTERGREEN,8
D5256,NAVY,8
D5256,PURPLISH,8
D5256,TAUPEGREY,8
D5256X,BERRY,8.75
D5256X,BLACK,8.75
D5256X,DARKRED,8.75
D5256X,GREY,8.75
D5256X,NAVY,8.75
D5256X,PURPLISH,8.75
D5256X,TAUPEGREY,8.75
D5278B,BLACKMULTI,8.75
D5279B,BLACKMULTI,8.75
